post_id,status,publish_at,series,image_url,alt_text,caption_instagram,caption_facebook,caption_telegram
"001","queued","2026-09-28T18:00:00+02:00","Satz des Tages","https://deutsch-meister.de/social/ig/001.jpg","Lernkarte: Ich helfe dem Mann – richtig, mit Dativ markiert. Ich helfe den Mann – falsch, durchgestrichen.","„Ich helfe den Mann.“ Klingt richtig. Ist falsch.

helfen will immer Dativ: dem Mann, der Frau, dem Kind, den Kindern. Genau so etwas fragen die Sprachbausteine in telc und Goethe ab.

Merksatz: Wem hilfst du? → Dativ.

Schreib unten einen eigenen Satz mit „helfen“ 👇

Deinen Satz gratis durchleuchten: Link in Bio.

#deutschlernen #deutschgrammatik #dativ #telcb1 #goetheb1 #learngerman #deutschalsfremdsprache","„Ich helfe den Mann.“ Klingt richtig. Ist falsch.

helfen will immer Dativ: dem Mann, der Frau, dem Kind, den Kindern. Genau so etwas fragen die Sprachbausteine in telc und Goethe ab.

Merksatz: Wem hilfst du? → Dativ.

Schreib unten einen eigenen Satz mit „helfen“ 👇

Deinen Satz gratis durchleuchten: https://deutsch-meister.de/analyze/?utm_source=facebook&utm_medium=post&utm_campaign=ig50-2026-10&utm_content=p001","„Ich helfe den Mann.“ Klingt richtig. Ist falsch.

helfen will immer Dativ: dem Mann, der Frau, dem Kind, den Kindern. Genau so etwas fragen die Sprachbausteine in telc und Goethe ab.

Merksatz: Wem hilfst du? → Dativ.

Schreib unten einen eigenen Satz mit „helfen“ 👇

Deinen Satz gratis durchleuchten: https://deutsch-meister.de/analyze/?utm_source=telegram&utm_medium=post&utm_campaign=ig50-2026-10&utm_content=p001"
"002","queued","2026-09-29T18:00:00+02:00","Prüfungs-Fakt","https://deutsch-meister.de/social/ig/002.jpg","Lernkarte Goethe B1: 95 Punkte im Lesen bestanden, 55 Punkte im Schreiben nicht bestanden. Jedes Modul braucht 60 von 100 Punkten.","95 Punkte im Lesen. Und das Schreiben trotzdem nicht bestanden.

Beim Goethe-Zertifikat B1 ist jedes Modul eine eigene Hürde: 60 von 100 Punkten, pro Modul. Zwischen den Modulen wird nicht verrechnet.

Heißt für dich: Lernzeit gehört in dein schwächstes Modul, nicht in das, was sich gut anfühlt.

Welches Modul ist bei dir das schwächste? Schreib's in die Kommentare.

Der ganze Goethe-B1-Leitfaden mit Lernplan: Link in Bio.

#goetheb1 #goethezertifikat #deutschprüfung #b1prüfung #deutschlernen #learngerman","95 Punkte im Lesen. Und das Schreiben trotzdem nicht bestanden.

Beim Goethe-Zertifikat B1 ist jedes Modul eine eigene Hürde: 60 von 100 Punkten, pro Modul. Zwischen den Modulen wird nicht verrechnet.

Heißt für dich: Lernzeit gehört in dein schwächstes Modul, nicht in das, was sich gut anfühlt.

Welches Modul ist bei dir das schwächste? Schreib's in die Kommentare.

Der ganze Goethe-B1-Leitfaden mit Lernplan: https://deutsch-meister.de/leitfaden/goethe-b1/?utm_source=facebook&utm_medium=post&utm_campaign=ig50-2026-10&utm_content=p002","95 Punkte im Lesen. Und das Schreiben trotzdem nicht bestanden.

Beim Goethe-Zertifikat B1 ist jedes Modul eine eigene Hürde: 60 von 100 Punkten, pro Modul. Zwischen den Modulen wird nicht verrechnet.

Heißt für dich: Lernzeit gehört in dein schwächstes Modul, nicht in das, was sich gut anfühlt.

Welches Modul ist bei dir das schwächste? Schreib's in die Kommentare.

Der ganze Goethe-B1-Leitfaden mit Lernplan: https://deutsch-meister.de/leitfaden/goethe-b1/?utm_source=telegram&utm_medium=post&utm_campaign=ig50-2026-10&utm_content=p002"
"003","queued","2026-09-30T18:00:00+02:00","Redemittel","https://deutsch-meister.de/social/ig/003.jpg","Lernkarte Redemittel B1: drei Sätze für den Beschwerdebrief – Ich schreibe Ihnen, weil …; Leider ist … noch nicht angekommen; Deshalb bitte ich Sie, … zu …","3 Sätze, die in fast jeden Beschwerdebrief passen:

1. Ich schreibe Ihnen, weil …
2. Leider ist … noch nicht angekommen.
3. Deshalb bitte ich Sie, … zu …

Einleitung, Problem, Bitte. Der Rest ist Leitpunkte abarbeiten. Speicher dir den Post für den Prüfungstag 📌

Kompletter Aufbau mit Beispielbrief: Link in Bio.

#telcb1 #b1brief #deutschschreiben #redemittel #deutschlernen #dtz #learngerman","3 Sätze, die in fast jeden Beschwerdebrief passen:

1. Ich schreibe Ihnen, weil …
2. Leider ist … noch nicht angekommen.
3. Deshalb bitte ich Sie, … zu …

Einleitung, Problem, Bitte. Der Rest ist Leitpunkte abarbeiten. Speicher dir den Post für den Prüfungstag 📌

Kompletter Aufbau mit Beispielbrief: https://deutsch-meister.de/leitfaden/brief-schreiben-b1/?utm_source=facebook&utm_medium=post&utm_campaign=ig50-2026-10&utm_content=p003","3 Sätze, die in fast jeden Beschwerdebrief passen:

1. Ich schreibe Ihnen, weil …
2. Leider ist … noch nicht angekommen.
3. Deshalb bitte ich Sie, … zu …

Einleitung, Problem, Bitte. Der Rest ist Leitpunkte abarbeiten. Speicher dir den Post für den Prüfungstag 📌

Kompletter Aufbau mit Beispielbrief: https://deutsch-meister.de/leitfaden/brief-schreiben-b1/?utm_source=telegram&utm_medium=post&utm_campaign=ig50-2026-10&utm_content=p003"
"004","queued","2026-10-01T18:00:00+02:00","Satz des Tages","https://deutsch-meister.de/social/ig/004.jpg","Lernkarte Satz des Tages, A2: Ich danke dir. richtig: Ich danke dir. falsch: Ich danke dich. danken will Dativ. Wie helfen, antworten, gratulieren.","„Ich danke dich“ hört man oft. Richtig ist: Ich danke dir.

danken will Dativ, genau wie helfen, antworten und gratulieren. Frag dich: Wem danke ich? → Dativ.

Wem möchtest du heute danken? Schreib es auf Deutsch in die Kommentare 👇

Die ganze Regel mit Übungen, kostenlos: Link in Bio.

#deutschlernen #deutschgrammatik #learngerman #deutschalsfremdsprache #daf","„Ich danke dich“ hört man oft. Richtig ist: Ich danke dir.

danken will Dativ, genau wie helfen, antworten und gratulieren. Frag dich: Wem danke ich? → Dativ.

Wem möchtest du heute danken? Schreib es auf Deutsch in die Kommentare 👇

Die ganze Regel mit Übungen, kostenlos: https://deutsch-meister.de/grammar/a2.1/dative-case/?utm_source=facebook&utm_medium=post&utm_campaign=ig50-2026-10&utm_content=p004","„Ich danke dich“ hört man oft. Richtig ist: Ich danke dir.

danken will Dativ, genau wie helfen, antworten und gratulieren. Frag dich: Wem danke ich? → Dativ.

Wem möchtest du heute danken? Schreib es auf Deutsch in die Kommentare 👇

Die ganze Regel mit Übungen, kostenlos: https://deutsch-meister.de/grammar/a2.1/dative-case/?utm_source=telegram&utm_medium=post&utm_campaign=ig50-2026-10&utm_content=p004"
"005","queued","2026-10-02T18:00:00+02:00","Fehler-Check","https://deutsch-meister.de/social/ig/005.jpg","Lernkarte Fehler-Check, A2 · B1: Nach „weil“ geht das Verb ans Ende. richtig: …, weil ich keine Zeit habe. falsch: …, weil ich habe keine Zeit. weil, dass, wenn, ob: Nebensatz. Verb ans Ende.","Einer der häufigsten Fehler, auch bei B1.

weil, dass, wenn, ob leiten einen Nebensatz ein. Das konjugierte Verb geht ans Ende.

✓ …, weil ich keine Zeit habe.
✗ …, weil ich habe keine Zeit.

Schreib einen weil-Satz über deinen Tag 👇

Die ganze Regel mit Übungen, kostenlos: Link in Bio.

#deutschlernen #deutschfehler #learngerman #deutschgrammatik #daf","Einer der häufigsten Fehler, auch bei B1.

weil, dass, wenn, ob leiten einen Nebensatz ein. Das konjugierte Verb geht ans Ende.

✓ …, weil ich keine Zeit habe.
✗ …, weil ich habe keine Zeit.

Schreib einen weil-Satz über deinen Tag 👇

Die ganze Regel mit Übungen, kostenlos: https://deutsch-meister.de/grammar/a2.2/subordinate-word-order/?utm_source=facebook&utm_medium=post&utm_campaign=ig50-2026-10&utm_content=p005","Einer der häufigsten Fehler, auch bei B1.

weil, dass, wenn, ob leiten einen Nebensatz ein. Das konjugierte Verb geht ans Ende.

✓ …, weil ich keine Zeit habe.
✗ …, weil ich habe keine Zeit.

Schreib einen weil-Satz über deinen Tag 👇

Die ganze Regel mit Übungen, kostenlos: https://deutsch-meister.de/grammar/a2.2/subordinate-word-order/?utm_source=telegram&utm_medium=post&utm_campaign=ig50-2026-10&utm_content=p005"
"006","queued","2026-10-03T18:00:00+02:00","Redemittel","https://deutsch-meister.de/social/ig/006.jpg","Lernkarte Redemittel, B1 · Sprechen: Deine Meinung sagen. Ich bin der Meinung, dass … Meiner Meinung nach ist … Ich finde es wichtig, dass … Nach „Meiner Meinung nach“ kommt sofort das Verb.","In der mündlichen Prüfung wirst du nach deiner Meinung gefragt. Drei Einstiege, die immer passen:

1. Ich bin der Meinung, dass …
2. Meiner Meinung nach ist …
3. Ich finde es wichtig, dass …

Achtung bei Nr. 2: Nach „Meiner Meinung nach“ kommt sofort das Verb.

Sprechen üben ohne Partner: Link in Bio.

#deutschlernen #redemittel #deutschprüfung #learngerman #daf","In der mündlichen Prüfung wirst du nach deiner Meinung gefragt. Drei Einstiege, die immer passen:

1. Ich bin der Meinung, dass …
2. Meiner Meinung nach ist …
3. Ich finde es wichtig, dass …

Achtung bei Nr. 2: Nach „Meiner Meinung nach“ kommt sofort das Verb.

Sprechen üben ohne Partner: https://deutsch-meister.de/speaking/?utm_source=facebook&utm_medium=post&utm_campaign=ig50-2026-10&utm_content=p006","In der mündlichen Prüfung wirst du nach deiner Meinung gefragt. Drei Einstiege, die immer passen:

1. Ich bin der Meinung, dass …
2. Meiner Meinung nach ist …
3. Ich finde es wichtig, dass …

Achtung bei Nr. 2: Nach „Meiner Meinung nach“ kommt sofort das Verb.

Sprechen üben ohne Partner: https://deutsch-meister.de/speaking/?utm_source=telegram&utm_medium=post&utm_campaign=ig50-2026-10&utm_content=p006"
"007","queued","2026-10-04T18:00:00+02:00","Wortschatz","https://deutsch-meister.de/social/ig/007.jpg","Lernkarte Wortschatz, A2 · B1 · Amt: 5 Wörter für das Amt. der Antrag · die Anträge. das Formular · die Formulare. die Unterschrift · die Unterschriften. der Termin · die Termine. die Bescheinigung · die Bescheinigungen. Nomen immer mit Artikel und Plural lernen.","Behördendeutsch, das du wirklich brauchst. Immer mit Artikel und Plural lernen:

der Antrag · die Anträge
das Formular · die Formulare
die Unterschrift · die Unterschriften
der Termin · die Termine
die Bescheinigung · die Bescheinigungen

Welches Wort fehlt auf der Liste? 👇

Die ganze Regel mit Übungen, kostenlos: Link in Bio.

#deutschlernen #wortschatz #deutschvokabeln #learngerman #daf","Behördendeutsch, das du wirklich brauchst. Immer mit Artikel und Plural lernen:

der Antrag · die Anträge
das Formular · die Formulare
die Unterschrift · die Unterschriften
der Termin · die Termine
die Bescheinigung · die Bescheinigungen

Welches Wort fehlt auf der Liste? 👇

Die ganze Regel mit Übungen, kostenlos: https://deutsch-meister.de/grammar/a1.1/nouns-gender/?utm_source=facebook&utm_medium=post&utm_campaign=ig50-2026-10&utm_content=p007","Behördendeutsch, das du wirklich brauchst. Immer mit Artikel und Plural lernen:

der Antrag · die Anträge
das Formular · die Formulare
die Unterschrift · die Unterschriften
der Termin · die Termine
die Bescheinigung · die Bescheinigungen

Welches Wort fehlt auf der Liste? 👇

Die ganze Regel mit Übungen, kostenlos: https://deutsch-meister.de/grammar/a1.1/nouns-gender/?utm_source=telegram&utm_medium=post&utm_campaign=ig50-2026-10&utm_content=p007"
"008","queued","2026-10-05T18:00:00+02:00","Prüfungs-Fakt","https://deutsch-meister.de/social/ig/008.jpg","Lernkarte Prüfungs-Fakt, telc B1: Schriftlich und mündlich zählen getrennt. 135 von 225 · schriftlich. 45 von 75 · mündlich. 60 % in beiden Teilen. Zwischen den Teilen wird nicht verrechnet.","Bei telc Deutsch B1 brauchst du 60 % in beiden Teilen, getrennt: mindestens 135 von 225 Punkten schriftlich und 45 von 75 mündlich.

Zwischen den Teilen wird nicht verrechnet. Ein starker schriftlicher Teil rettet also kein schwaches Sprechen.

Welcher Teil macht dir mehr Sorgen? 👇

Der ganze Leitfaden: Link in Bio.

#deutschprüfung #telc #goethezertifikat #deutschlernen #learngerman","Bei telc Deutsch B1 brauchst du 60 % in beiden Teilen, getrennt: mindestens 135 von 225 Punkten schriftlich und 45 von 75 mündlich.

Zwischen den Teilen wird nicht verrechnet. Ein starker schriftlicher Teil rettet also kein schwaches Sprechen.

Welcher Teil macht dir mehr Sorgen? 👇

Der ganze Leitfaden: https://deutsch-meister.de/leitfaden/telc-b1/?utm_source=facebook&utm_medium=post&utm_campaign=ig50-2026-10&utm_content=p008","Bei telc Deutsch B1 brauchst du 60 % in beiden Teilen, getrennt: mindestens 135 von 225 Punkten schriftlich und 45 von 75 mündlich.

Zwischen den Teilen wird nicht verrechnet. Ein starker schriftlicher Teil rettet also kein schwaches Sprechen.

Welcher Teil macht dir mehr Sorgen? 👇

Der ganze Leitfaden: https://deutsch-meister.de/leitfaden/telc-b1/?utm_source=telegram&utm_medium=post&utm_campaign=ig50-2026-10&utm_content=p008"
"009","queued","2026-10-06T18:00:00+02:00","Lerntipp","https://deutsch-meister.de/social/ig/009.jpg","Lernkarte Lerntipp, A1 – B1: Nomen nie ohne Artikel lernen. Immer Artikel und Plural dazu. Laut sagen, nicht nur lesen. Jeden Tag ein paar statt vieler am Sonntag. Der Artikel ist Teil des Wortes.","„Tisch“ lernen reicht nicht. Lern „der Tisch, die Tische“.

1. Immer Artikel und Plural dazu
2. Laut sagen, nicht nur lesen
3. Jeden Tag ein paar neue Wörter statt vieler am Sonntag

Wie lernst du deine Vokabeln? 👇

Die ganze Regel mit Übungen, kostenlos: Link in Bio.

#deutschlernen #lerntipps #deutschprüfung #learngerman #daf","„Tisch“ lernen reicht nicht. Lern „der Tisch, die Tische“.

1. Immer Artikel und Plural dazu
2. Laut sagen, nicht nur lesen
3. Jeden Tag ein paar neue Wörter statt vieler am Sonntag

Wie lernst du deine Vokabeln? 👇

Die ganze Regel mit Übungen, kostenlos: https://deutsch-meister.de/grammar/a1.1/nouns-gender/?utm_source=facebook&utm_medium=post&utm_campaign=ig50-2026-10&utm_content=p009","„Tisch“ lernen reicht nicht. Lern „der Tisch, die Tische“.

1. Immer Artikel und Plural dazu
2. Laut sagen, nicht nur lesen
3. Jeden Tag ein paar neue Wörter statt vieler am Sonntag

Wie lernst du deine Vokabeln? 👇

Die ganze Regel mit Übungen, kostenlos: https://deutsch-meister.de/grammar/a1.1/nouns-gender/?utm_source=telegram&utm_medium=post&utm_campaign=ig50-2026-10&utm_content=p009"
"010","queued","2026-10-07T18:00:00+02:00","Fehler-Check","https://deutsch-meister.de/social/ig/010.jpg","Lernkarte Fehler-Check, A2 · B1: „denn“ oder „weil“? richtig: …, denn ich habe keine Zeit. richtig: …, weil ich keine Zeit habe. Gleiche Bedeutung. denn: normale Wortstellung. weil: Verb am Ende.","Gleiche Bedeutung, andere Wortstellung.

denn → normale Wortstellung: …, denn ich habe keine Zeit.
weil → Verb am Ende: …, weil ich keine Zeit habe.

Beides ist richtig. Nur mischen darfst du nicht.

Die ganze Regel mit Übungen, kostenlos: Link in Bio.

#deutschlernen #deutschfehler #learngerman #deutschgrammatik #daf","Gleiche Bedeutung, andere Wortstellung.

denn → normale Wortstellung: …, denn ich habe keine Zeit.
weil → Verb am Ende: …, weil ich keine Zeit habe.

Beides ist richtig. Nur mischen darfst du nicht.

Die ganze Regel mit Übungen, kostenlos: https://deutsch-meister.de/grammar/a2.2/coordinating-conjunctions/?utm_source=facebook&utm_medium=post&utm_campaign=ig50-2026-10&utm_content=p010","Gleiche Bedeutung, andere Wortstellung.

denn → normale Wortstellung: …, denn ich habe keine Zeit.
weil → Verb am Ende: …, weil ich keine Zeit habe.

Beides ist richtig. Nur mischen darfst du nicht.

Die ganze Regel mit Übungen, kostenlos: https://deutsch-meister.de/grammar/a2.2/coordinating-conjunctions/?utm_source=telegram&utm_medium=post&utm_campaign=ig50-2026-10&utm_content=p010"
"011","queued","2026-10-08T18:00:00+02:00","Satz des Tages","https://deutsch-meister.de/social/ig/011.jpg","Lernkarte Satz des Tages, A2: Das Kleid gefällt mir. richtig: Das Kleid gefällt mir. falsch: Ich gefalle das Kleid. Das Ding ist das Subjekt. Die Person steht im Dativ.","Bei „gefallen“ denken viele falsch herum.

Das Ding, das gefällt, ist das Subjekt (Nominativ). Die Person, der es gefällt, steht im Dativ: Das Kleid gefällt mir. Die Schuhe gefallen mir.

Was gefällt dir an Deutschland? Ein Satz reicht 👇

Die ganze Regel mit Übungen, kostenlos: Link in Bio.

#deutschlernen #deutschgrammatik #learngerman #deutschalsfremdsprache #daf","Bei „gefallen“ denken viele falsch herum.

Das Ding, das gefällt, ist das Subjekt (Nominativ). Die Person, der es gefällt, steht im Dativ: Das Kleid gefällt mir. Die Schuhe gefallen mir.

Was gefällt dir an Deutschland? Ein Satz reicht 👇

Die ganze Regel mit Übungen, kostenlos: https://deutsch-meister.de/grammar/a2.1/dative-case/?utm_source=facebook&utm_medium=post&utm_campaign=ig50-2026-10&utm_content=p011","Bei „gefallen“ denken viele falsch herum.

Das Ding, das gefällt, ist das Subjekt (Nominativ). Die Person, der es gefällt, steht im Dativ: Das Kleid gefällt mir. Die Schuhe gefallen mir.

Was gefällt dir an Deutschland? Ein Satz reicht 👇

Die ganze Regel mit Übungen, kostenlos: https://deutsch-meister.de/grammar/a2.1/dative-case/?utm_source=telegram&utm_medium=post&utm_campaign=ig50-2026-10&utm_content=p011"
"012","queued","2026-10-09T18:00:00+02:00","Redemittel","https://deutsch-meister.de/social/ig/012.jpg","Lernkarte Redemittel, B1 · Sprechen: Zustimmen und widersprechen. Da hast du recht. Das sehe ich auch so. Das sehe ich anders, weil … Ja, aber … Auf den Partner eingehen ist Teil der Bewertung.","Ein Gespräch lebt davon, dass du auf deinen Partner eingehst. Genau das wird in der mündlichen Prüfung bewertet.

1. Da hast du recht.
2. Das sehe ich auch so.
3. Das sehe ich anders, weil …
4. Ja, aber …

Welchen Satz benutzt du am meisten? 👇

Sprechen üben ohne Partner: Link in Bio.

#deutschlernen #redemittel #deutschprüfung #learngerman #daf","Ein Gespräch lebt davon, dass du auf deinen Partner eingehst. Genau das wird in der mündlichen Prüfung bewertet.

1. Da hast du recht.
2. Das sehe ich auch so.
3. Das sehe ich anders, weil …
4. Ja, aber …

Welchen Satz benutzt du am meisten? 👇

Sprechen üben ohne Partner: https://deutsch-meister.de/speaking/?utm_source=facebook&utm_medium=post&utm_campaign=ig50-2026-10&utm_content=p012","Ein Gespräch lebt davon, dass du auf deinen Partner eingehst. Genau das wird in der mündlichen Prüfung bewertet.

1. Da hast du recht.
2. Das sehe ich auch so.
3. Das sehe ich anders, weil …
4. Ja, aber …

Welchen Satz benutzt du am meisten? 👇

Sprechen üben ohne Partner: https://deutsch-meister.de/speaking/?utm_source=telegram&utm_medium=post&utm_campaign=ig50-2026-10&utm_content=p012"
"013","queued","2026-10-10T18:00:00+02:00","Wortschatz","https://deutsch-meister.de/social/ig/013.jpg","Lernkarte Wortschatz, A2 · B1 · Wohnen: 5 Wörter rund um die Wohnung. die Miete · die Mieten. der Vermieter · die Vermieter. die Nebenkosten (nur Plural). die Kaution · die Kautionen. der Mietvertrag · die Mietverträge. Diese Wörter stehen in jeder Anzeige.","Wohnungssuche auf Deutsch? Diese Wörter stehen in jeder Anzeige und jedem Vertrag:

die Miete · die Mieten
der Vermieter · die Vermieter
die Nebenkosten (nur Plural)
die Kaution · die Kautionen
der Mietvertrag · die Mietverträge

Speichern für die nächste Besichtigung 📌

Die ganze Regel mit Übungen, kostenlos: Link in Bio.

#deutschlernen #wortschatz #deutschvokabeln #learngerman #daf","Wohnungssuche auf Deutsch? Diese Wörter stehen in jeder Anzeige und jedem Vertrag:

die Miete · die Mieten
der Vermieter · die Vermieter
die Nebenkosten (nur Plural)
die Kaution · die Kautionen
der Mietvertrag · die Mietverträge

Speichern für die nächste Besichtigung 📌

Die ganze Regel mit Übungen, kostenlos: https://deutsch-meister.de/grammar/a1.1/nouns-gender/?utm_source=facebook&utm_medium=post&utm_campaign=ig50-2026-10&utm_content=p013","Wohnungssuche auf Deutsch? Diese Wörter stehen in jeder Anzeige und jedem Vertrag:

die Miete · die Mieten
der Vermieter · die Vermieter
die Nebenkosten (nur Plural)
die Kaution · die Kautionen
der Mietvertrag · die Mietverträge

Speichern für die nächste Besichtigung 📌

Die ganze Regel mit Übungen, kostenlos: https://deutsch-meister.de/grammar/a1.1/nouns-gender/?utm_source=telegram&utm_medium=post&utm_campaign=ig50-2026-10&utm_content=p013"
"014","queued","2026-10-11T18:00:00+02:00","Lerntipp","https://deutsch-meister.de/social/ig/014.jpg","Lernkarte Lerntipp, A2 – B1: 10 Minuten Sprechen am Tag. Beschreib laut deinen Tag. Nimm dich auf und hör zu. Übe Themen: Reisen, Gesundheit, Medien. Kein Partner nötig. Nur jeden Tag.","Viele lernen monatelang Grammatik und sprechen kaum. In der mündlichen Prüfung merkt man das sofort.

1. Beschreib laut deinen Tag
2. Nimm dich auf und hör zu
3. Übe typische Themen: Reisen, Gesundheit, Medien

10 Minuten täglich. Kein Partner nötig.

Sprechen üben ohne Partner: Link in Bio.

#deutschlernen #lerntipps #deutschprüfung #learngerman #daf","Viele lernen monatelang Grammatik und sprechen kaum. In der mündlichen Prüfung merkt man das sofort.

1. Beschreib laut deinen Tag
2. Nimm dich auf und hör zu
3. Übe typische Themen: Reisen, Gesundheit, Medien

10 Minuten täglich. Kein Partner nötig.

Sprechen üben ohne Partner: https://deutsch-meister.de/speaking/?utm_source=facebook&utm_medium=post&utm_campaign=ig50-2026-10&utm_content=p014","Viele lernen monatelang Grammatik und sprechen kaum. In der mündlichen Prüfung merkt man das sofort.

1. Beschreib laut deinen Tag
2. Nimm dich auf und hör zu
3. Übe typische Themen: Reisen, Gesundheit, Medien

10 Minuten täglich. Kein Partner nötig.

Sprechen üben ohne Partner: https://deutsch-meister.de/speaking/?utm_source=telegram&utm_medium=post&utm_campaign=ig50-2026-10&utm_content=p014"
"015","queued","2026-10-12T18:00:00+02:00","Prüfungs-Fakt","https://deutsch-meister.de/social/ig/015.jpg","Lernkarte Prüfungs-Fakt, telc B2: Sprachbausteine: klein, aber sie zählen. 30 Punkte max. · Sprachbausteine. 225 Punkte · schriftlicher Teil. Konnektoren, Präpositionen, feste Wendungen: Grammatik im Kontext.","Die Sprachbausteine bei telc B2 sind ein Lückentext: Konnektoren, Präpositionen, feste Wendungen.

Sie bringen maximal 30 der 225 Punkte im schriftlichen Teil. Wenig? Es sind Punkte, die du mit gezielter Grammatik planbar holen kannst.

Der ganze Leitfaden: Link in Bio.

#deutschprüfung #telc #goethezertifikat #deutschlernen #learngerman","Die Sprachbausteine bei telc B2 sind ein Lückentext: Konnektoren, Präpositionen, feste Wendungen.

Sie bringen maximal 30 der 225 Punkte im schriftlichen Teil. Wenig? Es sind Punkte, die du mit gezielter Grammatik planbar holen kannst.

Der ganze Leitfaden: https://deutsch-meister.de/leitfaden/telc-b2/?utm_source=facebook&utm_medium=post&utm_campaign=ig50-2026-10&utm_content=p015","Die Sprachbausteine bei telc B2 sind ein Lückentext: Konnektoren, Präpositionen, feste Wendungen.

Sie bringen maximal 30 der 225 Punkte im schriftlichen Teil. Wenig? Es sind Punkte, die du mit gezielter Grammatik planbar holen kannst.

Der ganze Leitfaden: https://deutsch-meister.de/leitfaden/telc-b2/?utm_source=telegram&utm_medium=post&utm_campaign=ig50-2026-10&utm_content=p015"
"016","queued","2026-10-13T18:00:00+02:00","Fehler-Check","https://deutsch-meister.de/social/ig/016.jpg","Lernkarte Fehler-Check, A2: Seit drei Jahren lebe ich hier. richtig: Ich lebe seit drei Jahren hier. falsch: Ich habe seit drei Jahren hier gelebt. Was heute noch andauert, steht mit „seit“ im Präsens.","Du wohnst immer noch in Berlin? Dann Präsens.

✓ Ich lebe seit drei Jahren in Berlin.
✗ Ich habe seit drei Jahren in Berlin gelebt.

Was noch andauert, steht mit „seit“ im Präsens. Viele Sprachen machen das anders, deshalb passiert der Fehler so oft.

Seit wann lernst du Deutsch? 👇

Die ganze Regel mit Übungen, kostenlos: Link in Bio.

#deutschlernen #deutschfehler #learngerman #deutschgrammatik #daf","Du wohnst immer noch in Berlin? Dann Präsens.

✓ Ich lebe seit drei Jahren in Berlin.
✗ Ich habe seit drei Jahren in Berlin gelebt.

Was noch andauert, steht mit „seit“ im Präsens. Viele Sprachen machen das anders, deshalb passiert der Fehler so oft.

Seit wann lernst du Deutsch? 👇

Die ganze Regel mit Übungen, kostenlos: https://deutsch-meister.de/grammar/a2.1/temporal-prepositions/?utm_source=facebook&utm_medium=post&utm_campaign=ig50-2026-10&utm_content=p016","Du wohnst immer noch in Berlin? Dann Präsens.

✓ Ich lebe seit drei Jahren in Berlin.
✗ Ich habe seit drei Jahren in Berlin gelebt.

Was noch andauert, steht mit „seit“ im Präsens. Viele Sprachen machen das anders, deshalb passiert der Fehler so oft.

Seit wann lernst du Deutsch? 👇

Die ganze Regel mit Übungen, kostenlos: https://deutsch-meister.de/grammar/a2.1/temporal-prepositions/?utm_source=telegram&utm_medium=post&utm_campaign=ig50-2026-10&utm_content=p016"
"017","queued","2026-10-14T18:00:00+02:00","Satz des Tages","https://deutsch-meister.de/social/ig/017.jpg","Lernkarte Satz des Tages, A1 · A2: Ich fahre mit dem Bus. richtig: Ich fahre mit dem Bus. falsch: Ich fahre mit den Bus. mit will immer Dativ: mit dem Bus, mit der Bahn, mit dem Auto.","mit + Dativ. Immer. Ohne Ausnahme.

mit dem Bus, mit der Bahn, mit dem Fahrrad, mit den Kindern.

Die Dativ-Präpositionen im Paket: aus, bei, mit, nach, seit, von, zu. Einmal auswendig, dann nie wieder raten.

Wie kommst du zur Arbeit? Antworte mit „mit“ 👇

Die ganze Regel mit Übungen, kostenlos: Link in Bio.

#deutschlernen #deutschgrammatik #learngerman #deutschalsfremdsprache #daf","mit + Dativ. Immer. Ohne Ausnahme.

mit dem Bus, mit der Bahn, mit dem Fahrrad, mit den Kindern.

Die Dativ-Präpositionen im Paket: aus, bei, mit, nach, seit, von, zu. Einmal auswendig, dann nie wieder raten.

Wie kommst du zur Arbeit? Antworte mit „mit“ 👇

Die ganze Regel mit Übungen, kostenlos: https://deutsch-meister.de/grammar/a2.1/prepositions-dative/?utm_source=facebook&utm_medium=post&utm_campaign=ig50-2026-10&utm_content=p017","mit + Dativ. Immer. Ohne Ausnahme.

mit dem Bus, mit der Bahn, mit dem Fahrrad, mit den Kindern.

Die Dativ-Präpositionen im Paket: aus, bei, mit, nach, seit, von, zu. Einmal auswendig, dann nie wieder raten.

Wie kommst du zur Arbeit? Antworte mit „mit“ 👇

Die ganze Regel mit Übungen, kostenlos: https://deutsch-meister.de/grammar/a2.1/prepositions-dative/?utm_source=telegram&utm_medium=post&utm_campaign=ig50-2026-10&utm_content=p017"
"018","queued","2026-10-15T18:00:00+02:00","Redemittel","https://deutsch-meister.de/social/ig/018.jpg","Lernkarte Redemittel, telc B1 · Teil 3: Gemeinsam etwas planen. Wollen wir …? Was hältst du davon, wenn …? Gute Idee! Wer kümmert sich um …? Dann machen wir es so. Nicht perfekt, sondern im Gespräch bleiben.","Im dritten Teil der mündlichen telc-B1-Prüfung plant ihr zusammen etwas, zum Beispiel ein Fest oder einen Ausflug. Es geht darum, das Gespräch am Laufen zu halten.

1. Wollen wir …?
2. Was hältst du davon, wenn …?
3. Gute Idee! Wer kümmert sich um …?
4. Dann machen wir es so.

Speichern für die Prüfungsvorbereitung 📌

Der ganze Leitfaden: Link in Bio.

#deutschlernen #redemittel #deutschprüfung #learngerman #daf","Im dritten Teil der mündlichen telc-B1-Prüfung plant ihr zusammen etwas, zum Beispiel ein Fest oder einen Ausflug. Es geht darum, das Gespräch am Laufen zu halten.

1. Wollen wir …?
2. Was hältst du davon, wenn …?
3. Gute Idee! Wer kümmert sich um …?
4. Dann machen wir es so.

Speichern für die Prüfungsvorbereitung 📌

Der ganze Leitfaden: https://deutsch-meister.de/leitfaden/telc-b1/?utm_source=facebook&utm_medium=post&utm_campaign=ig50-2026-10&utm_content=p018","Im dritten Teil der mündlichen telc-B1-Prüfung plant ihr zusammen etwas, zum Beispiel ein Fest oder einen Ausflug. Es geht darum, das Gespräch am Laufen zu halten.

1. Wollen wir …?
2. Was hältst du davon, wenn …?
3. Gute Idee! Wer kümmert sich um …?
4. Dann machen wir es so.

Speichern für die Prüfungsvorbereitung 📌

Der ganze Leitfaden: https://deutsch-meister.de/leitfaden/telc-b1/?utm_source=telegram&utm_medium=post&utm_campaign=ig50-2026-10&utm_content=p018"
"019","queued","2026-10-16T18:00:00+02:00","Wortschatz","https://deutsch-meister.de/social/ig/019.jpg","Lernkarte Wortschatz, B1 · Arbeit: 5 Wörter für die Jobsuche. die Bewerbung · die Bewerbungen. der Lebenslauf · die Lebensläufe. das Vorstellungsgespräch. die Probezeit · die Probezeiten. das Gehalt · die Gehälter. Mit Artikel und Plural, sonst fehlt die Hälfte.","Bewerbung auf Deutsch? Diese fünf Wörter brauchst du ab Tag eins:

die Bewerbung · die Bewerbungen
der Lebenslauf · die Lebensläufe
das Vorstellungsgespräch · die Vorstellungsgespräche
die Probezeit · die Probezeiten
das Gehalt · die Gehälter

In welcher Branche suchst du? 👇

Die ganze Regel mit Übungen, kostenlos: Link in Bio.

#deutschlernen #wortschatz #deutschvokabeln #learngerman #daf","Bewerbung auf Deutsch? Diese fünf Wörter brauchst du ab Tag eins:

die Bewerbung · die Bewerbungen
der Lebenslauf · die Lebensläufe
das Vorstellungsgespräch · die Vorstellungsgespräche
die Probezeit · die Probezeiten
das Gehalt · die Gehälter

In welcher Branche suchst du? 👇

Die ganze Regel mit Übungen, kostenlos: https://deutsch-meister.de/grammar/a1.1/nouns-gender/?utm_source=facebook&utm_medium=post&utm_campaign=ig50-2026-10&utm_content=p019","Bewerbung auf Deutsch? Diese fünf Wörter brauchst du ab Tag eins:

die Bewerbung · die Bewerbungen
der Lebenslauf · die Lebensläufe
das Vorstellungsgespräch · die Vorstellungsgespräche
die Probezeit · die Probezeiten
das Gehalt · die Gehälter

In welcher Branche suchst du? 👇

Die ganze Regel mit Übungen, kostenlos: https://deutsch-meister.de/grammar/a1.1/nouns-gender/?utm_source=telegram&utm_medium=post&utm_campaign=ig50-2026-10&utm_content=p019"
"020","queued","2026-10-17T18:00:00+02:00","Lerntipp","https://deutsch-meister.de/social/ig/020.jpg","Lernkarte Lerntipp, B1 · Lesen: Lesen unter Zeitdruck. Erst die Aufgaben, dann den Text. Nicht jedes Wort verstehen wollen. Vorher mit Stoppuhr üben. Du suchst Informationen, du übersetzt nicht.","Der schriftliche Teil ist lang. Wer beim Lesen zu viel Zeit verbraucht, hat sie beim Schreiben nicht mehr.

1. Erst die Aufgaben lesen, dann den Text
2. Nicht jedes Wort verstehen wollen
3. Vorher mit Stoppuhr üben

Du suchst Informationen, du übersetzt nicht.

Der ganze Leitfaden: Link in Bio.

#deutschlernen #lerntipps #deutschprüfung #learngerman #daf","Der schriftliche Teil ist lang. Wer beim Lesen zu viel Zeit verbraucht, hat sie beim Schreiben nicht mehr.

1. Erst die Aufgaben lesen, dann den Text
2. Nicht jedes Wort verstehen wollen
3. Vorher mit Stoppuhr üben

Du suchst Informationen, du übersetzt nicht.

Der ganze Leitfaden: https://deutsch-meister.de/leitfaden/telc-b1/?utm_source=facebook&utm_medium=post&utm_campaign=ig50-2026-10&utm_content=p020","Der schriftliche Teil ist lang. Wer beim Lesen zu viel Zeit verbraucht, hat sie beim Schreiben nicht mehr.

1. Erst die Aufgaben lesen, dann den Text
2. Nicht jedes Wort verstehen wollen
3. Vorher mit Stoppuhr üben

Du suchst Informationen, du übersetzt nicht.

Der ganze Leitfaden: https://deutsch-meister.de/leitfaden/telc-b1/?utm_source=telegram&utm_medium=post&utm_campaign=ig50-2026-10&utm_content=p020"
"021","queued","2026-10-18T18:00:00+02:00","Fehler-Check","https://deutsch-meister.de/social/ig/021.jpg","Lernkarte Fehler-Check, B1: „Als ich klein war …“, nicht „wenn“. richtig: Als ich klein war, … falsch: Wenn ich klein war, … Einmal in der Vergangenheit → als. Immer wieder oder Zukunft → wenn.","als oder wenn? Die Regel passt in zwei Zeilen:

Einmal in der Vergangenheit → als: Als ich klein war, …
Immer wieder oder in der Zukunft → wenn: Wenn ich Zeit habe, …

Erzähl in einem Satz: Als ich nach Deutschland kam, … 👇

Die ganze Regel mit Übungen, kostenlos: Link in Bio.

#deutschlernen #deutschfehler #learngerman #deutschgrammatik #daf","als oder wenn? Die Regel passt in zwei Zeilen:

Einmal in der Vergangenheit → als: Als ich klein war, …
Immer wieder oder in der Zukunft → wenn: Wenn ich Zeit habe, …

Erzähl in einem Satz: Als ich nach Deutschland kam, … 👇

Die ganze Regel mit Übungen, kostenlos: https://deutsch-meister.de/grammar/b1.1/temporal-clauses/?utm_source=facebook&utm_medium=post&utm_campaign=ig50-2026-10&utm_content=p021","als oder wenn? Die Regel passt in zwei Zeilen:

Einmal in der Vergangenheit → als: Als ich klein war, …
Immer wieder oder in der Zukunft → wenn: Wenn ich Zeit habe, …

Erzähl in einem Satz: Als ich nach Deutschland kam, … 👇

Die ganze Regel mit Übungen, kostenlos: https://deutsch-meister.de/grammar/b1.1/temporal-clauses/?utm_source=telegram&utm_medium=post&utm_campaign=ig50-2026-10&utm_content=p021"
"022","queued","2026-10-19T18:00:00+02:00","Satz des Tages","https://deutsch-meister.de/social/ig/022.jpg","Lernkarte Satz des Tages, A1 · A2: Das ist für meinen Bruder. richtig: für meinen Bruder. falsch: für meinem Bruder. für will immer Akkusativ. Dazu: durch, gegen, ohne, um.","für + Akkusativ. Immer.

für meinen Bruder, für meine Mutter, für mein Kind.

Die Akkusativ-Präpositionen: durch, für, gegen, ohne, um. Fünf Wörter, eine Regel.

Für wen lernst du Deutsch? 👇

Die ganze Regel mit Übungen, kostenlos: Link in Bio.

#deutschlernen #deutschgrammatik #learngerman #deutschalsfremdsprache #daf","für + Akkusativ. Immer.

für meinen Bruder, für meine Mutter, für mein Kind.

Die Akkusativ-Präpositionen: durch, für, gegen, ohne, um. Fünf Wörter, eine Regel.

Für wen lernst du Deutsch? 👇

Die ganze Regel mit Übungen, kostenlos: https://deutsch-meister.de/grammar/a1.2/prepositions-accusative/?utm_source=facebook&utm_medium=post&utm_campaign=ig50-2026-10&utm_content=p022","für + Akkusativ. Immer.

für meinen Bruder, für meine Mutter, für mein Kind.

Die Akkusativ-Präpositionen: durch, für, gegen, ohne, um. Fünf Wörter, eine Regel.

Für wen lernst du Deutsch? 👇

Die ganze Regel mit Übungen, kostenlos: https://deutsch-meister.de/grammar/a1.2/prepositions-accusative/?utm_source=telegram&utm_medium=post&utm_campaign=ig50-2026-10&utm_content=p022"
"023","queued","2026-10-20T18:00:00+02:00","Prüfungs-Fakt","https://deutsch-meister.de/social/ig/023.jpg","Lernkarte Prüfungs-Fakt, DTZ: Der DTZ kennt kein „durchgefallen“. 2 Niveaus in einer Prüfung. ~16 Minuten mündlich, zu zweit. Im Zeugnis steht pro Bereich: A2 oder B1.","Der Deutsch-Test für Zuwanderer prüft A2 und B1 gleichzeitig. Im Zeugnis steht pro Bereich, welches Niveau du erreicht hast.

Ob das Ergebnis für deinen Zweck reicht (Einbürgerung, Aufenthalt, Kursabschluss), entscheidet die zuständige Stelle. Kläre das vorher.

Der ganze Leitfaden: Link in Bio.

#deutschprüfung #telc #goethezertifikat #deutschlernen #learngerman","Der Deutsch-Test für Zuwanderer prüft A2 und B1 gleichzeitig. Im Zeugnis steht pro Bereich, welches Niveau du erreicht hast.

Ob das Ergebnis für deinen Zweck reicht (Einbürgerung, Aufenthalt, Kursabschluss), entscheidet die zuständige Stelle. Kläre das vorher.

Der ganze Leitfaden: https://deutsch-meister.de/leitfaden/dtz/?utm_source=facebook&utm_medium=post&utm_campaign=ig50-2026-10&utm_content=p023","Der Deutsch-Test für Zuwanderer prüft A2 und B1 gleichzeitig. Im Zeugnis steht pro Bereich, welches Niveau du erreicht hast.

Ob das Ergebnis für deinen Zweck reicht (Einbürgerung, Aufenthalt, Kursabschluss), entscheidet die zuständige Stelle. Kläre das vorher.

Der ganze Leitfaden: https://deutsch-meister.de/leitfaden/dtz/?utm_source=telegram&utm_medium=post&utm_campaign=ig50-2026-10&utm_content=p023"
"024","queued","2026-10-21T18:00:00+02:00","Redemittel","https://deutsch-meister.de/social/ig/024.jpg","Lernkarte Redemittel, B1 · Brief: Einen Termin absagen. Leider kann ich am … nicht kommen, weil … Könnten wir einen neuen Termin vereinbaren? Ich bitte um Ihr Verständnis. Grund, neuer Vorschlag, höflicher Schluss.","Absagen ist eine typische Schreibaufgabe. Drei Sätze tragen den ganzen Brief:

1. Leider kann ich am … nicht kommen, weil …
2. Könnten wir einen neuen Termin vereinbaren?
3. Ich bitte um Ihr Verständnis.

Grund, neuer Vorschlag, höflicher Schluss. Fertig.

Der ganze Leitfaden: Link in Bio.

#deutschlernen #redemittel #deutschprüfung #learngerman #daf","Absagen ist eine typische Schreibaufgabe. Drei Sätze tragen den ganzen Brief:

1. Leider kann ich am … nicht kommen, weil …
2. Könnten wir einen neuen Termin vereinbaren?
3. Ich bitte um Ihr Verständnis.

Grund, neuer Vorschlag, höflicher Schluss. Fertig.

Der ganze Leitfaden: https://deutsch-meister.de/leitfaden/brief-schreiben-b1/?utm_source=facebook&utm_medium=post&utm_campaign=ig50-2026-10&utm_content=p024","Absagen ist eine typische Schreibaufgabe. Drei Sätze tragen den ganzen Brief:

1. Leider kann ich am … nicht kommen, weil …
2. Könnten wir einen neuen Termin vereinbaren?
3. Ich bitte um Ihr Verständnis.

Grund, neuer Vorschlag, höflicher Schluss. Fertig.

Der ganze Leitfaden: https://deutsch-meister.de/leitfaden/brief-schreiben-b1/?utm_source=telegram&utm_medium=post&utm_campaign=ig50-2026-10&utm_content=p024"
"025","queued","2026-10-22T18:00:00+02:00","Fehler-Check","https://deutsch-meister.de/social/ig/025.jpg","Lernkarte Fehler-Check, A1: Ich bin 30 Jahre alt. richtig: Ich bin 30 Jahre alt. falsch: Ich habe 30 Jahre. Alter immer mit sein: Ich bin … Jahre alt.","Im Deutschen „hast“ du kein Alter. Du „bist“ es.

✓ Ich bin 30 Jahre alt.
✗ Ich habe 30 Jahre.

Klein, aber es fällt sofort auf, auch in der Vorstellungsrunde der mündlichen Prüfung.

Die ganze Regel mit Übungen, kostenlos: Link in Bio.

#deutschlernen #deutschfehler #learngerman #deutschgrammatik #daf","Im Deutschen „hast“ du kein Alter. Du „bist“ es.

✓ Ich bin 30 Jahre alt.
✗ Ich habe 30 Jahre.

Klein, aber es fällt sofort auf, auch in der Vorstellungsrunde der mündlichen Prüfung.

Die ganze Regel mit Übungen, kostenlos: https://deutsch-meister.de/grammar/a1.1/verb-sein/?utm_source=facebook&utm_medium=post&utm_campaign=ig50-2026-10&utm_content=p025","Im Deutschen „hast“ du kein Alter. Du „bist“ es.

✓ Ich bin 30 Jahre alt.
✗ Ich habe 30 Jahre.

Klein, aber es fällt sofort auf, auch in der Vorstellungsrunde der mündlichen Prüfung.

Die ganze Regel mit Übungen, kostenlos: https://deutsch-meister.de/grammar/a1.1/verb-sein/?utm_source=telegram&utm_medium=post&utm_campaign=ig50-2026-10&utm_content=p025"
"026","queued","2026-10-23T18:00:00+02:00","Wortschatz","https://deutsch-meister.de/social/ig/026.jpg","Lernkarte Wortschatz, A2 · Gesundheit: 5 Wörter für die Arztpraxis. die Praxis · die Praxen. das Rezept · die Rezepte. die Krankenkasse · die Krankenkassen. die Überweisung · die Überweisungen. die Versichertenkarte. Überweisung: beim Arzt zum Facharzt, bei der Bank Geld senden.","Vor dem nächsten Arzttermin einmal durchlesen:

die Praxis · die Praxen
das Rezept · die Rezepte
die Krankenkasse · die Krankenkassen
die Überweisung · die Überweisungen
die Versichertenkarte · die Versichertenkarten

Achtung: Überweisung heißt beim Arzt „zum Facharzt geschickt werden“, bei der Bank „Geld senden“.

Sprechen üben ohne Partner: Link in Bio.

#deutschlernen #wortschatz #deutschvokabeln #learngerman #daf","Vor dem nächsten Arzttermin einmal durchlesen:

die Praxis · die Praxen
das Rezept · die Rezepte
die Krankenkasse · die Krankenkassen
die Überweisung · die Überweisungen
die Versichertenkarte · die Versichertenkarten

Achtung: Überweisung heißt beim Arzt „zum Facharzt geschickt werden“, bei der Bank „Geld senden“.

Sprechen üben ohne Partner: https://deutsch-meister.de/speaking/?utm_source=facebook&utm_medium=post&utm_campaign=ig50-2026-10&utm_content=p026","Vor dem nächsten Arzttermin einmal durchlesen:

die Praxis · die Praxen
das Rezept · die Rezepte
die Krankenkasse · die Krankenkassen
die Überweisung · die Überweisungen
die Versichertenkarte · die Versichertenkarten

Achtung: Überweisung heißt beim Arzt „zum Facharzt geschickt werden“, bei der Bank „Geld senden“.

Sprechen üben ohne Partner: https://deutsch-meister.de/speaking/?utm_source=telegram&utm_medium=post&utm_campaign=ig50-2026-10&utm_content=p026"
"027","queued","2026-10-24T18:00:00+02:00","Lerntipp","https://deutsch-meister.de/social/ig/027.jpg","Lernkarte Lerntipp, B1 · Brief: Checkliste vor dem Abgeben. Alle Leitpunkte beantwortet? Sie oder du: passt das Register? Passen Anrede und Gruß zusammen? Wortzahl eingehalten? Aufgabe und Register wiegen schwerer als einzelne Fehler.","Aufgabenerfüllung und passendes Register wiegen schwerer als einzelne Grammatikfehler. Vor dem Abgeben prüfst du:

1. Alle Leitpunkte beantwortet?
2. Sie oder du, passt das Register?
3. Passen Anrede und Gruß zusammen?
4. Wortzahl der Aufgabe eingehalten?

Speichern 📌

Der ganze Leitfaden: Link in Bio.

#deutschlernen #lerntipps #deutschprüfung #learngerman #daf","Aufgabenerfüllung und passendes Register wiegen schwerer als einzelne Grammatikfehler. Vor dem Abgeben prüfst du:

1. Alle Leitpunkte beantwortet?
2. Sie oder du, passt das Register?
3. Passen Anrede und Gruß zusammen?
4. Wortzahl der Aufgabe eingehalten?

Speichern 📌

Der ganze Leitfaden: https://deutsch-meister.de/leitfaden/brief-schreiben-b1/?utm_source=facebook&utm_medium=post&utm_campaign=ig50-2026-10&utm_content=p027","Aufgabenerfüllung und passendes Register wiegen schwerer als einzelne Grammatikfehler. Vor dem Abgeben prüfst du:

1. Alle Leitpunkte beantwortet?
2. Sie oder du, passt das Register?
3. Passen Anrede und Gruß zusammen?
4. Wortzahl der Aufgabe eingehalten?

Speichern 📌

Der ganze Leitfaden: https://deutsch-meister.de/leitfaden/brief-schreiben-b1/?utm_source=telegram&utm_medium=post&utm_campaign=ig50-2026-10&utm_content=p027"
"028","queued","2026-10-25T18:00:00+01:00","Satz des Tages","https://deutsch-meister.de/social/ig/028.jpg","Lernkarte Satz des Tages, A2 · B1: Wohin? Oder wo? richtig: Wohin? Auf den Tisch. richtig: Wo? Auf dem Tisch. Bewegung zum Ziel → Akkusativ. Position → Dativ.","Die Wechselpräpositionen (in, an, auf, über, unter, vor, hinter, neben, zwischen) nehmen mal Akkusativ, mal Dativ.

Wohin? Bewegung zum Ziel → Akkusativ: Ich lege das Buch auf den Tisch.
Wo? Position → Dativ: Das Buch liegt auf dem Tisch.

Speicher dir den Post 📌

Die ganze Regel mit Übungen, kostenlos: Link in Bio.

#deutschlernen #deutschgrammatik #learngerman #deutschalsfremdsprache #daf","Die Wechselpräpositionen (in, an, auf, über, unter, vor, hinter, neben, zwischen) nehmen mal Akkusativ, mal Dativ.

Wohin? Bewegung zum Ziel → Akkusativ: Ich lege das Buch auf den Tisch.
Wo? Position → Dativ: Das Buch liegt auf dem Tisch.

Speicher dir den Post 📌

Die ganze Regel mit Übungen, kostenlos: https://deutsch-meister.de/grammar/a2.1/two-way-prepositions/?utm_source=facebook&utm_medium=post&utm_campaign=ig50-2026-10&utm_content=p028","Die Wechselpräpositionen (in, an, auf, über, unter, vor, hinter, neben, zwischen) nehmen mal Akkusativ, mal Dativ.

Wohin? Bewegung zum Ziel → Akkusativ: Ich lege das Buch auf den Tisch.
Wo? Position → Dativ: Das Buch liegt auf dem Tisch.

Speicher dir den Post 📌

Die ganze Regel mit Übungen, kostenlos: https://deutsch-meister.de/grammar/a2.1/two-way-prepositions/?utm_source=telegram&utm_medium=post&utm_campaign=ig50-2026-10&utm_content=p028"
"029","queued","2026-10-26T18:00:00+01:00","Fehler-Check","https://deutsch-meister.de/social/ig/029.jpg","Lernkarte Fehler-Check, A1: Ich habe Hunger. richtig: Ich habe Hunger. falsch: Ich bin Hunger. Hunger, Durst, Angst, Zeit: mit haben.","Hunger, Durst, Angst, Zeit: Die „hast“ du im Deutschen.

✓ Ich habe Hunger.
✗ Ich bin Hunger.

Mit Adjektiv geht auch sein: Ich bin hungrig. Aber Nomen → haben.

Was hast du gerade: Hunger, Durst oder keine Zeit? 😄

Die ganze Regel mit Übungen, kostenlos: Link in Bio.

#deutschlernen #deutschfehler #learngerman #deutschgrammatik #daf","Hunger, Durst, Angst, Zeit: Die „hast“ du im Deutschen.

✓ Ich habe Hunger.
✗ Ich bin Hunger.

Mit Adjektiv geht auch sein: Ich bin hungrig. Aber Nomen → haben.

Was hast du gerade: Hunger, Durst oder keine Zeit? 😄

Die ganze Regel mit Übungen, kostenlos: https://deutsch-meister.de/grammar/a1.1/verb-haben/?utm_source=facebook&utm_medium=post&utm_campaign=ig50-2026-10&utm_content=p029","Hunger, Durst, Angst, Zeit: Die „hast“ du im Deutschen.

✓ Ich habe Hunger.
✗ Ich bin Hunger.

Mit Adjektiv geht auch sein: Ich bin hungrig. Aber Nomen → haben.

Was hast du gerade: Hunger, Durst oder keine Zeit? 😄

Die ganze Regel mit Übungen, kostenlos: https://deutsch-meister.de/grammar/a1.1/verb-haben/?utm_source=telegram&utm_medium=post&utm_campaign=ig50-2026-10&utm_content=p029"
"030","queued","2026-10-27T18:00:00+01:00","Redemittel","https://deutsch-meister.de/social/ig/030.jpg","Lernkarte Redemittel, B1 · Brief: Der formelle Brief: Anfang und Schluss. Sehr geehrte Damen und Herren, Ich wende mich an Sie, weil … Über eine baldige Antwort würde ich mich freuen. Mit freundlichen Grüßen. Sie-Form. Anrede und Gruß müssen zusammenpassen.","Halbformell an Vermieter, Amt, Kundenservice oder Kursleitung? Dann Sie-Form und diese Rahmen-Sätze:

1. Sehr geehrte Damen und Herren,
2. Ich wende mich an Sie, weil …
3. Über eine baldige Antwort würde ich mich freuen.
4. Mit freundlichen Grüßen

Anrede und Gruß müssen zusammenpassen.

Der ganze Leitfaden: Link in Bio.

#deutschlernen #redemittel #deutschprüfung #learngerman #daf","Halbformell an Vermieter, Amt, Kundenservice oder Kursleitung? Dann Sie-Form und diese Rahmen-Sätze:

1. Sehr geehrte Damen und Herren,
2. Ich wende mich an Sie, weil …
3. Über eine baldige Antwort würde ich mich freuen.
4. Mit freundlichen Grüßen

Anrede und Gruß müssen zusammenpassen.

Der ganze Leitfaden: https://deutsch-meister.de/leitfaden/brief-schreiben-b1/?utm_source=facebook&utm_medium=post&utm_campaign=ig50-2026-10&utm_content=p030","Halbformell an Vermieter, Amt, Kundenservice oder Kursleitung? Dann Sie-Form und diese Rahmen-Sätze:

1. Sehr geehrte Damen und Herren,
2. Ich wende mich an Sie, weil …
3. Über eine baldige Antwort würde ich mich freuen.
4. Mit freundlichen Grüßen

Anrede und Gruß müssen zusammenpassen.

Der ganze Leitfaden: https://deutsch-meister.de/leitfaden/brief-schreiben-b1/?utm_source=telegram&utm_medium=post&utm_campaign=ig50-2026-10&utm_content=p030"
"031","queued","2026-10-28T18:00:00+01:00","Prüfungs-Fakt","https://deutsch-meister.de/social/ig/031.jpg","Lernkarte Prüfungs-Fakt, Start Deutsch 1: Unter 60 Punkten heißt: alles noch mal. 60 von 100 · bestanden. 4 Teile bei Wiederholung. Keine Module: Bei der Wiederholung legst du alle vier Teile neu ab.","Start Deutsch 1 (A1) hat 100 Punkte, bestanden ist ab 60.

Es gibt keine Module. Wer unter 60 bleibt, legt bei der Wiederholung alle vier Teile neu ab.

Für den Ehegattennachzug werden Goethe und telc anerkannt. Was im Einzelfall gilt, klärt die Auslandsvertretung.

Der ganze Leitfaden: Link in Bio.

#deutschprüfung #telc #goethezertifikat #deutschlernen #learngerman","Start Deutsch 1 (A1) hat 100 Punkte, bestanden ist ab 60.

Es gibt keine Module. Wer unter 60 bleibt, legt bei der Wiederholung alle vier Teile neu ab.

Für den Ehegattennachzug werden Goethe und telc anerkannt. Was im Einzelfall gilt, klärt die Auslandsvertretung.

Der ganze Leitfaden: https://deutsch-meister.de/leitfaden/start-deutsch-1/?utm_source=facebook&utm_medium=post&utm_campaign=ig50-2026-10&utm_content=p031","Start Deutsch 1 (A1) hat 100 Punkte, bestanden ist ab 60.

Es gibt keine Module. Wer unter 60 bleibt, legt bei der Wiederholung alle vier Teile neu ab.

Für den Ehegattennachzug werden Goethe und telc anerkannt. Was im Einzelfall gilt, klärt die Auslandsvertretung.

Der ganze Leitfaden: https://deutsch-meister.de/leitfaden/start-deutsch-1/?utm_source=telegram&utm_medium=post&utm_campaign=ig50-2026-10&utm_content=p031"
"032","queued","2026-10-29T18:00:00+01:00","Satz des Tages","https://deutsch-meister.de/social/ig/032.jpg","Lernkarte Satz des Tages, B1: Wegen des Regens bleiben wir zu Hause. richtig: Wegen des Regens … falsch: Wegen dem Regen … (nur Alltag). Im Alltag hörst du „wegen dem“. In der Prüfung schreib Genitiv.","„Wegen dem Regen“ hörst du jeden Tag. Im Alltag ist das okay.

In der Prüfung schreibst du Genitiv: wegen des Regens, trotz des Staus, während der Pause.

Das ist der kleine Unterschied, den Prüfer sehen.

Die ganze Regel mit Übungen, kostenlos: Link in Bio.

#deutschlernen #deutschgrammatik #learngerman #deutschalsfremdsprache #daf","„Wegen dem Regen“ hörst du jeden Tag. Im Alltag ist das okay.

In der Prüfung schreibst du Genitiv: wegen des Regens, trotz des Staus, während der Pause.

Das ist der kleine Unterschied, den Prüfer sehen.

Die ganze Regel mit Übungen, kostenlos: https://deutsch-meister.de/grammar/b1.1/genitive-prepositions/?utm_source=facebook&utm_medium=post&utm_campaign=ig50-2026-10&utm_content=p032","„Wegen dem Regen“ hörst du jeden Tag. Im Alltag ist das okay.

In der Prüfung schreibst du Genitiv: wegen des Regens, trotz des Staus, während der Pause.

Das ist der kleine Unterschied, den Prüfer sehen.

Die ganze Regel mit Übungen, kostenlos: https://deutsch-meister.de/grammar/b1.1/genitive-prepositions/?utm_source=telegram&utm_medium=post&utm_campaign=ig50-2026-10&utm_content=p032"
"033","queued","2026-10-30T18:00:00+01:00","Wortschatz","https://deutsch-meister.de/social/ig/033.jpg","Lernkarte Wortschatz, A2 · B1: Gleiches Wort, anderer Artikel. der See · die See (= das Meer). der Leiter (Chef) · die Leiter. das Steuer (Auto) · die Steuer (Geld). der Band (Buch) · die Band (Musik). Der Artikel ändert die ganze Bedeutung.","Deshalb lernst du Nomen immer mit Artikel. Hier ändert er die ganze Bedeutung:

der See (Binnengewässer) · die See (das Meer)
der Leiter (Chef) · die Leiter (zum Steigen)
das Steuer (im Auto) · die Steuer (ans Finanzamt)
der Band (Buch) · die Band (Musik)

Kanntest du alle vier? 👇

Die ganze Regel mit Übungen, kostenlos: Link in Bio.

#deutschlernen #wortschatz #deutschvokabeln #learngerman #daf","Deshalb lernst du Nomen immer mit Artikel. Hier ändert er die ganze Bedeutung:

der See (Binnengewässer) · die See (das Meer)
der Leiter (Chef) · die Leiter (zum Steigen)
das Steuer (im Auto) · die Steuer (ans Finanzamt)
der Band (Buch) · die Band (Musik)

Kanntest du alle vier? 👇

Die ganze Regel mit Übungen, kostenlos: https://deutsch-meister.de/grammar/a1.1/nouns-gender/?utm_source=facebook&utm_medium=post&utm_campaign=ig50-2026-10&utm_content=p033","Deshalb lernst du Nomen immer mit Artikel. Hier ändert er die ganze Bedeutung:

der See (Binnengewässer) · die See (das Meer)
der Leiter (Chef) · die Leiter (zum Steigen)
das Steuer (im Auto) · die Steuer (ans Finanzamt)
der Band (Buch) · die Band (Musik)

Kanntest du alle vier? 👇

Die ganze Regel mit Übungen, kostenlos: https://deutsch-meister.de/grammar/a1.1/nouns-gender/?utm_source=telegram&utm_medium=post&utm_campaign=ig50-2026-10&utm_content=p033"
"034","queued","2026-10-31T18:00:00+01:00","Lerntipp","https://deutsch-meister.de/social/ig/034.jpg","Lernkarte Lerntipp, B1: Den Modelltest richtig nutzen. Einmal früh: Wo verlierst du Punkte? Dazwischen: nur Schwächen trainieren. Kurz vor der Prüfung: Generalprobe. Messen, trainieren, noch einmal messen.","Mehr Modelltests heißt nicht mehr Fortschritt.

1. Einmal früh: Wo verlierst du die meisten Punkte?
2. Dazwischen: nur deine Schwächen trainieren
3. Einmal kurz vor der Prüfung: Generalprobe unter echten Bedingungen

Wie viele Modelltests hast du schon gemacht? 👇

Der ganze Leitfaden: Link in Bio.

#deutschlernen #lerntipps #deutschprüfung #learngerman #daf","Mehr Modelltests heißt nicht mehr Fortschritt.

1. Einmal früh: Wo verlierst du die meisten Punkte?
2. Dazwischen: nur deine Schwächen trainieren
3. Einmal kurz vor der Prüfung: Generalprobe unter echten Bedingungen

Wie viele Modelltests hast du schon gemacht? 👇

Der ganze Leitfaden: https://deutsch-meister.de/leitfaden/modelltest-deutsch-b1/?utm_source=facebook&utm_medium=post&utm_campaign=ig50-2026-10&utm_content=p034","Mehr Modelltests heißt nicht mehr Fortschritt.

1. Einmal früh: Wo verlierst du die meisten Punkte?
2. Dazwischen: nur deine Schwächen trainieren
3. Einmal kurz vor der Prüfung: Generalprobe unter echten Bedingungen

Wie viele Modelltests hast du schon gemacht? 👇

Der ganze Leitfaden: https://deutsch-meister.de/leitfaden/modelltest-deutsch-b1/?utm_source=telegram&utm_medium=post&utm_campaign=ig50-2026-10&utm_content=p034"
"035","queued","2026-11-01T18:00:00+01:00","Fehler-Check","https://deutsch-meister.de/social/ig/035.jpg","Lernkarte Fehler-Check, A1 · A2: Das Verb steht auf Platz 2. richtig: Morgen fahre ich nach Hamburg. falsch: Morgen ich fahre nach Hamburg. Auch wenn vorne kein Subjekt steht: Verb auf Platz 2.","Im Hauptsatz steht das Verb auf Position 2, auch wenn vorne kein Subjekt steht.

✓ Morgen fahre ich nach Hamburg.
✗ Morgen ich fahre nach Hamburg.

Diese Regel macht deine Sätze sofort deutscher.

Fang einen Satz mit „Heute“ an 👇

Die ganze Regel mit Übungen, kostenlos: Link in Bio.

#deutschlernen #deutschfehler #learngerman #deutschgrammatik #daf","Im Hauptsatz steht das Verb auf Position 2, auch wenn vorne kein Subjekt steht.

✓ Morgen fahre ich nach Hamburg.
✗ Morgen ich fahre nach Hamburg.

Diese Regel macht deine Sätze sofort deutscher.

Fang einen Satz mit „Heute“ an 👇

Die ganze Regel mit Übungen, kostenlos: https://deutsch-meister.de/grammar/a1.2/basic-sentence-structure/?utm_source=facebook&utm_medium=post&utm_campaign=ig50-2026-10&utm_content=p035","Im Hauptsatz steht das Verb auf Position 2, auch wenn vorne kein Subjekt steht.

✓ Morgen fahre ich nach Hamburg.
✗ Morgen ich fahre nach Hamburg.

Diese Regel macht deine Sätze sofort deutscher.

Fang einen Satz mit „Heute“ an 👇

Die ganze Regel mit Übungen, kostenlos: https://deutsch-meister.de/grammar/a1.2/basic-sentence-structure/?utm_source=telegram&utm_medium=post&utm_campaign=ig50-2026-10&utm_content=p035"
"036","queued","2026-11-02T18:00:00+01:00","Redemittel","https://deutsch-meister.de/social/ig/036.jpg","Lernkarte Redemittel, A2 · B1 · Brief: Der private Brief. Liebe Anna, / Lieber Tom, Danke für deine Nachricht! Ich freue mich schon auf … Viele Grüße. du-Form, locker, aber alle Leitpunkte beantworten.","An Freunde schreibst du in der du-Form, locker, aber vollständig.

1. Liebe Anna, / Lieber Tom,
2. Danke für deine Nachricht!
3. Ich freue mich schon auf …
4. Viele Grüße

Und trotzdem gilt: alle Leitpunkte der Aufgabe beantworten.

Der ganze Leitfaden: Link in Bio.

#deutschlernen #redemittel #deutschprüfung #learngerman #daf","An Freunde schreibst du in der du-Form, locker, aber vollständig.

1. Liebe Anna, / Lieber Tom,
2. Danke für deine Nachricht!
3. Ich freue mich schon auf …
4. Viele Grüße

Und trotzdem gilt: alle Leitpunkte der Aufgabe beantworten.

Der ganze Leitfaden: https://deutsch-meister.de/leitfaden/brief-schreiben-b1/?utm_source=facebook&utm_medium=post&utm_campaign=ig50-2026-10&utm_content=p036","An Freunde schreibst du in der du-Form, locker, aber vollständig.

1. Liebe Anna, / Lieber Tom,
2. Danke für deine Nachricht!
3. Ich freue mich schon auf …
4. Viele Grüße

Und trotzdem gilt: alle Leitpunkte der Aufgabe beantworten.

Der ganze Leitfaden: https://deutsch-meister.de/leitfaden/brief-schreiben-b1/?utm_source=telegram&utm_medium=post&utm_campaign=ig50-2026-10&utm_content=p036"
"037","queued","2026-11-03T18:00:00+01:00","Satz des Tages","https://deutsch-meister.de/social/ig/037.jpg","Lernkarte Satz des Tages, A2 · B1: Ich gebe dem Kind den Ball. richtig: Ich gebe ihm den Ball. richtig: Ich gebe ihn dem Kind. Zwei Nomen: Dativ vor Akkusativ. Ist der Akkusativ ein Pronomen, kommt er zuerst.","Zwei Objekte in einem Satz? Es gibt eine einfache Reihenfolge.

Zwei Nomen: Dativ vor Akkusativ → Ich gebe dem Kind den Ball.
Akkusativ ist ein Pronomen: Akkusativ zuerst → Ich gebe ihn dem Kind.

Welche Variante war dir neu? 👇

Die ganze Regel mit Übungen, kostenlos: Link in Bio.

#deutschlernen #deutschgrammatik #learngerman #deutschalsfremdsprache #daf","Zwei Objekte in einem Satz? Es gibt eine einfache Reihenfolge.

Zwei Nomen: Dativ vor Akkusativ → Ich gebe dem Kind den Ball.
Akkusativ ist ein Pronomen: Akkusativ zuerst → Ich gebe ihn dem Kind.

Welche Variante war dir neu? 👇

Die ganze Regel mit Übungen, kostenlos: https://deutsch-meister.de/grammar/a2.1/pronouns-accusative-dative/?utm_source=facebook&utm_medium=post&utm_campaign=ig50-2026-10&utm_content=p037","Zwei Objekte in einem Satz? Es gibt eine einfache Reihenfolge.

Zwei Nomen: Dativ vor Akkusativ → Ich gebe dem Kind den Ball.
Akkusativ ist ein Pronomen: Akkusativ zuerst → Ich gebe ihn dem Kind.

Welche Variante war dir neu? 👇

Die ganze Regel mit Übungen, kostenlos: https://deutsch-meister.de/grammar/a2.1/pronouns-accusative-dative/?utm_source=telegram&utm_medium=post&utm_campaign=ig50-2026-10&utm_content=p037"
"038","queued","2026-11-04T18:00:00+01:00","Prüfungs-Fakt","https://deutsch-meister.de/social/ig/038.jpg","Lernkarte Prüfungs-Fakt, Goethe A2: 60 Punkte und trotzdem nicht bestanden? 45 von 75 · schriftlich. 15 von 25 · Sprechen. Zwei Hürden. Verfehlst du eine, ist die ganze Prüfung nicht bestanden.","Beim Goethe-Zertifikat A2 gibt es zwei Hürden: mindestens 45 von 75 Punkten schriftlich und mindestens 15 von 25 im Sprechen.

Verfehlst du eine davon, ist die ganze Prüfung nicht bestanden, auch mit 60 Punkten in der Summe.

Heißt: Sprechen nicht bis zum Schluss aufschieben.

Der ganze Leitfaden: Link in Bio.

#deutschprüfung #telc #goethezertifikat #deutschlernen #learngerman","Beim Goethe-Zertifikat A2 gibt es zwei Hürden: mindestens 45 von 75 Punkten schriftlich und mindestens 15 von 25 im Sprechen.

Verfehlst du eine davon, ist die ganze Prüfung nicht bestanden, auch mit 60 Punkten in der Summe.

Heißt: Sprechen nicht bis zum Schluss aufschieben.

Der ganze Leitfaden: https://deutsch-meister.de/leitfaden/goethe-a2/?utm_source=facebook&utm_medium=post&utm_campaign=ig50-2026-10&utm_content=p038","Beim Goethe-Zertifikat A2 gibt es zwei Hürden: mindestens 45 von 75 Punkten schriftlich und mindestens 15 von 25 im Sprechen.

Verfehlst du eine davon, ist die ganze Prüfung nicht bestanden, auch mit 60 Punkten in der Summe.

Heißt: Sprechen nicht bis zum Schluss aufschieben.

Der ganze Leitfaden: https://deutsch-meister.de/leitfaden/goethe-a2/?utm_source=telegram&utm_medium=post&utm_campaign=ig50-2026-10&utm_content=p038"
"039","queued","2026-11-05T18:00:00+01:00","Fehler-Check","https://deutsch-meister.de/social/ig/039.jpg","Lernkarte Fehler-Check, A1 · A2: Ich rufe dich morgen an. richtig: Ich rufe dich morgen an. falsch: Ich anrufe dich morgen. Trennbare Verben: Die Vorsilbe geht ans Satzende.","anrufen, aufstehen, einkaufen: trennbare Verben.

Im Hauptsatz geht die Vorsilbe ans Ende:
✓ Ich rufe dich morgen an.
✗ Ich anrufe dich morgen.

Wann stehst du morgen auf? Antworte mit einem ganzen Satz 👇

Die ganze Regel mit Übungen, kostenlos: Link in Bio.

#deutschlernen #deutschfehler #learngerman #deutschgrammatik #daf","anrufen, aufstehen, einkaufen: trennbare Verben.

Im Hauptsatz geht die Vorsilbe ans Ende:
✓ Ich rufe dich morgen an.
✗ Ich anrufe dich morgen.

Wann stehst du morgen auf? Antworte mit einem ganzen Satz 👇

Die ganze Regel mit Übungen, kostenlos: https://deutsch-meister.de/grammar/a1.1/separable-verbs-intro/?utm_source=facebook&utm_medium=post&utm_campaign=ig50-2026-10&utm_content=p039","anrufen, aufstehen, einkaufen: trennbare Verben.

Im Hauptsatz geht die Vorsilbe ans Ende:
✓ Ich rufe dich morgen an.
✗ Ich anrufe dich morgen.

Wann stehst du morgen auf? Antworte mit einem ganzen Satz 👇

Die ganze Regel mit Übungen, kostenlos: https://deutsch-meister.de/grammar/a1.1/separable-verbs-intro/?utm_source=telegram&utm_medium=post&utm_campaign=ig50-2026-10&utm_content=p039"
"040","queued","2026-11-06T18:00:00+01:00","Wortschatz","https://deutsch-meister.de/social/ig/040.jpg","Lernkarte Wortschatz, A2 · B1: 9 Verben mit Dativ. helfen · danken · antworten. gefallen · gehören · schmecken. gratulieren · passen · fehlen. Frag „Wem?“ → Dativ. Ich gratuliere dir.","Diese Verben wollen Dativ. Frag: Wem?

helfen · danken · antworten
gefallen · gehören · schmecken
gratulieren · passen · fehlen

Ich gratuliere dir. Das Buch gehört mir. Du fehlst mir.

Bau einen Satz mit einem der Verben 👇

Die ganze Regel mit Übungen, kostenlos: Link in Bio.

#deutschlernen #wortschatz #deutschvokabeln #learngerman #daf","Diese Verben wollen Dativ. Frag: Wem?

helfen · danken · antworten
gefallen · gehören · schmecken
gratulieren · passen · fehlen

Ich gratuliere dir. Das Buch gehört mir. Du fehlst mir.

Bau einen Satz mit einem der Verben 👇

Die ganze Regel mit Übungen, kostenlos: https://deutsch-meister.de/grammar/a2.1/dative-case/?utm_source=facebook&utm_medium=post&utm_campaign=ig50-2026-10&utm_content=p040","Diese Verben wollen Dativ. Frag: Wem?

helfen · danken · antworten
gefallen · gehören · schmecken
gratulieren · passen · fehlen

Ich gratuliere dir. Das Buch gehört mir. Du fehlst mir.

Bau einen Satz mit einem der Verben 👇

Die ganze Regel mit Übungen, kostenlos: https://deutsch-meister.de/grammar/a2.1/dative-case/?utm_source=telegram&utm_medium=post&utm_campaign=ig50-2026-10&utm_content=p040"
"041","queued","2026-11-07T18:00:00+01:00","Lerntipp","https://deutsch-meister.de/social/ig/041.jpg","Lernkarte Lerntipp, A1 – B1: Deutsch im Alltag, ohne Extra-Zeit. Handy auf Deutsch umstellen. Einkaufsliste auf Deutsch schreiben. Nachrichten in einfacher Sprache hören. Deutsch in das einbauen, was du sowieso tust.","Du hast keine Stunde am Tag? Dann nimm Deutsch in das, was du sowieso tust:

1. Handy auf Deutsch umstellen
2. Einkaufsliste auf Deutsch schreiben
3. Nachrichten in einfacher Sprache hören

Welchen Trick nutzt du? 👇

Wo stehst du wirklich? Gratis-Einstufungstest: Link in Bio.

#deutschlernen #lerntipps #deutschprüfung #learngerman #daf","Du hast keine Stunde am Tag? Dann nimm Deutsch in das, was du sowieso tust:

1. Handy auf Deutsch umstellen
2. Einkaufsliste auf Deutsch schreiben
3. Nachrichten in einfacher Sprache hören

Welchen Trick nutzt du? 👇

Wo stehst du wirklich? Gratis-Einstufungstest: https://deutsch-meister.de/level-test/?utm_source=facebook&utm_medium=post&utm_campaign=ig50-2026-10&utm_content=p041","Du hast keine Stunde am Tag? Dann nimm Deutsch in das, was du sowieso tust:

1. Handy auf Deutsch umstellen
2. Einkaufsliste auf Deutsch schreiben
3. Nachrichten in einfacher Sprache hören

Welchen Trick nutzt du? 👇

Wo stehst du wirklich? Gratis-Einstufungstest: https://deutsch-meister.de/level-test/?utm_source=telegram&utm_medium=post&utm_campaign=ig50-2026-10&utm_content=p041"
"042","queued","2026-11-08T18:00:00+01:00","Redemittel","https://deutsch-meister.de/social/ig/042.jpg","Lernkarte Redemittel, A2 · B1 · Alltag: Beim Arzt. Ich habe seit … Schmerzen. Mir ist schwindelig. Können Sie mich krankschreiben? Wie oft muss ich die Tabletten nehmen? Speichern für den nächsten Termin.","Sätze, die du im echten Leben brauchst, nicht nur in der Prüfung:

1. Ich habe seit … Schmerzen.
2. Mir ist schwindelig.
3. Können Sie mich krankschreiben?
4. Wie oft muss ich die Tabletten nehmen?

Welchen Satz hättest du schon mal gebraucht? 👇

Sprechen üben ohne Partner: Link in Bio.

#deutschlernen #redemittel #deutschprüfung #learngerman #daf","Sätze, die du im echten Leben brauchst, nicht nur in der Prüfung:

1. Ich habe seit … Schmerzen.
2. Mir ist schwindelig.
3. Können Sie mich krankschreiben?
4. Wie oft muss ich die Tabletten nehmen?

Welchen Satz hättest du schon mal gebraucht? 👇

Sprechen üben ohne Partner: https://deutsch-meister.de/speaking/?utm_source=facebook&utm_medium=post&utm_campaign=ig50-2026-10&utm_content=p042","Sätze, die du im echten Leben brauchst, nicht nur in der Prüfung:

1. Ich habe seit … Schmerzen.
2. Mir ist schwindelig.
3. Können Sie mich krankschreiben?
4. Wie oft muss ich die Tabletten nehmen?

Welchen Satz hättest du schon mal gebraucht? 👇

Sprechen üben ohne Partner: https://deutsch-meister.de/speaking/?utm_source=telegram&utm_medium=post&utm_campaign=ig50-2026-10&utm_content=p042"
"043","queued","2026-11-09T18:00:00+01:00","Satz des Tages","https://deutsch-meister.de/social/ig/043.jpg","Lernkarte Satz des Tages, A2 · B1: Ich warte auf den Bus. richtig: Ich warte auf den Bus. falsch: Ich warte für den Bus. warten auf + Akkusativ. Verb und Präposition als Paket lernen.","„Ich warte für den Bus“ ist ein direkt übersetzter Fehler.

warten auf + Akkusativ. Verben mit Präposition lernst du am besten als Paket: warten auf, denken an, sich interessieren für.

Worauf wartest du gerade? 👇

Die ganze Regel mit Übungen, kostenlos: Link in Bio.

#deutschlernen #deutschgrammatik #learngerman #deutschalsfremdsprache #daf","„Ich warte für den Bus“ ist ein direkt übersetzter Fehler.

warten auf + Akkusativ. Verben mit Präposition lernst du am besten als Paket: warten auf, denken an, sich interessieren für.

Worauf wartest du gerade? 👇

Die ganze Regel mit Übungen, kostenlos: https://deutsch-meister.de/grammar/a2.2/verbs-with-prepositions-intro/?utm_source=facebook&utm_medium=post&utm_campaign=ig50-2026-10&utm_content=p043","„Ich warte für den Bus“ ist ein direkt übersetzter Fehler.

warten auf + Akkusativ. Verben mit Präposition lernst du am besten als Paket: warten auf, denken an, sich interessieren für.

Worauf wartest du gerade? 👇

Die ganze Regel mit Übungen, kostenlos: https://deutsch-meister.de/grammar/a2.2/verbs-with-prepositions-intro/?utm_source=telegram&utm_medium=post&utm_campaign=ig50-2026-10&utm_content=p043"
"044","queued","2026-11-10T18:00:00+01:00","Fehler-Check","https://deutsch-meister.de/social/ig/044.jpg","Lernkarte Fehler-Check, A2: Ich bin nach Hause gegangen. richtig: Ich bin nach Hause gegangen. falsch: Ich habe nach Hause gegangen. Bewegung von A nach B oder Zustandswechsel → Perfekt mit sein.","Perfekt mit haben oder sein?

Bewegung von A nach B oder eine Veränderung des Zustands → sein.
✓ Ich bin nach Hause gegangen.
✗ Ich habe nach Hause gegangen.

Auch: Ich bin eingeschlafen. Ich bin gewachsen.

Was hast du gestern gemacht? Ein Satz im Perfekt 👇

Die ganze Regel mit Übungen, kostenlos: Link in Bio.

#deutschlernen #deutschfehler #learngerman #deutschgrammatik #daf","Perfekt mit haben oder sein?

Bewegung von A nach B oder eine Veränderung des Zustands → sein.
✓ Ich bin nach Hause gegangen.
✗ Ich habe nach Hause gegangen.

Auch: Ich bin eingeschlafen. Ich bin gewachsen.

Was hast du gestern gemacht? Ein Satz im Perfekt 👇

Die ganze Regel mit Übungen, kostenlos: https://deutsch-meister.de/grammar/a2.1/perfect-tense-sein/?utm_source=facebook&utm_medium=post&utm_campaign=ig50-2026-10&utm_content=p044","Perfekt mit haben oder sein?

Bewegung von A nach B oder eine Veränderung des Zustands → sein.
✓ Ich bin nach Hause gegangen.
✗ Ich habe nach Hause gegangen.

Auch: Ich bin eingeschlafen. Ich bin gewachsen.

Was hast du gestern gemacht? Ein Satz im Perfekt 👇

Die ganze Regel mit Übungen, kostenlos: https://deutsch-meister.de/grammar/a2.1/perfect-tense-sein/?utm_source=telegram&utm_medium=post&utm_campaign=ig50-2026-10&utm_content=p044"
"045","queued","2026-11-11T18:00:00+01:00","Prüfungs-Fakt","https://deutsch-meister.de/social/ig/045.jpg","Lernkarte Prüfungs-Fakt, Modelltest: Offizielle Modelltests kosten nichts. 0 € offizielle Modelltests. 2 Durchgänge reichen meist. telc, Goethe und BAMF: mit Lösungen und Hörmaterial.","telc, das Goethe-Institut und das BAMF stellen Modelltests kostenlos bereit, mit Lösungen und Hörmaterial. Bezahlen musst du nur die Prüfung selbst.

Zwei komplette Durchgänge reichen den meisten: einer am Anfang, einer als Generalprobe.

Der ganze Leitfaden: Link in Bio.

#deutschprüfung #telc #goethezertifikat #deutschlernen #learngerman","telc, das Goethe-Institut und das BAMF stellen Modelltests kostenlos bereit, mit Lösungen und Hörmaterial. Bezahlen musst du nur die Prüfung selbst.

Zwei komplette Durchgänge reichen den meisten: einer am Anfang, einer als Generalprobe.

Der ganze Leitfaden: https://deutsch-meister.de/leitfaden/modelltest-deutsch-b1/?utm_source=facebook&utm_medium=post&utm_campaign=ig50-2026-10&utm_content=p045","telc, das Goethe-Institut und das BAMF stellen Modelltests kostenlos bereit, mit Lösungen und Hörmaterial. Bezahlen musst du nur die Prüfung selbst.

Zwei komplette Durchgänge reichen den meisten: einer am Anfang, einer als Generalprobe.

Der ganze Leitfaden: https://deutsch-meister.de/leitfaden/modelltest-deutsch-b1/?utm_source=telegram&utm_medium=post&utm_campaign=ig50-2026-10&utm_content=p045"
"046","queued","2026-11-12T18:00:00+01:00","Wortschatz","https://deutsch-meister.de/social/ig/046.jpg","Lernkarte Wortschatz, B1: 4 Verbinder für bessere Texte. deshalb: Deshalb gehe ich … trotzdem: Trotzdem gehen wir … außerdem: Außerdem ist sie … danach: Danach lerne ich. Nach diesen Wörtern kommt sofort das Verb.","Mit diesen Wörtern klingen deine Texte zusammenhängend statt wie eine Liste:

deshalb: Ich bin müde. Deshalb gehe ich ins Bett.
trotzdem: Es regnet. Trotzdem gehen wir raus.
außerdem: Die Wohnung ist groß. Außerdem ist sie hell.
danach: Ich esse. Danach lerne ich.

Wichtig: Danach kommt sofort das Verb.

Die ganze Regel mit Übungen, kostenlos: Link in Bio.

#deutschlernen #wortschatz #deutschvokabeln #learngerman #daf","Mit diesen Wörtern klingen deine Texte zusammenhängend statt wie eine Liste:

deshalb: Ich bin müde. Deshalb gehe ich ins Bett.
trotzdem: Es regnet. Trotzdem gehen wir raus.
außerdem: Die Wohnung ist groß. Außerdem ist sie hell.
danach: Ich esse. Danach lerne ich.

Wichtig: Danach kommt sofort das Verb.

Die ganze Regel mit Übungen, kostenlos: https://deutsch-meister.de/grammar/b1.1/adverbial-connectors/?utm_source=facebook&utm_medium=post&utm_campaign=ig50-2026-10&utm_content=p046","Mit diesen Wörtern klingen deine Texte zusammenhängend statt wie eine Liste:

deshalb: Ich bin müde. Deshalb gehe ich ins Bett.
trotzdem: Es regnet. Trotzdem gehen wir raus.
außerdem: Die Wohnung ist groß. Außerdem ist sie hell.
danach: Ich esse. Danach lerne ich.

Wichtig: Danach kommt sofort das Verb.

Die ganze Regel mit Übungen, kostenlos: https://deutsch-meister.de/grammar/b1.1/adverbial-connectors/?utm_source=telegram&utm_medium=post&utm_campaign=ig50-2026-10&utm_content=p046"
"047","queued","2026-11-13T18:00:00+01:00","Lerntipp","https://deutsch-meister.de/social/ig/047.jpg","Lernkarte Lerntipp, A2 – B1: Führ ein Fehler-Tagebuch. Jeden Fehler mit Korrektur aufschreiben. Einmal pro Woche durchgehen. Kommt er wieder? Das ist dein Thema. Deine Fehler zeigen dir, was du lernen musst.","Die meisten machen immer wieder dieselben fünf Fehler. Finde deine.

1. Jeden Fehler mit Korrektur aufschreiben
2. Einmal pro Woche die Liste durchgehen
3. Ein Fehler kommt immer wieder? Das ist dein Thema.

Welcher Fehler passiert dir am häufigsten? 👇

Deinen eigenen Satz gratis durchleuchten: Link in Bio.

#deutschlernen #lerntipps #deutschprüfung #learngerman #daf","Die meisten machen immer wieder dieselben fünf Fehler. Finde deine.

1. Jeden Fehler mit Korrektur aufschreiben
2. Einmal pro Woche die Liste durchgehen
3. Ein Fehler kommt immer wieder? Das ist dein Thema.

Welcher Fehler passiert dir am häufigsten? 👇

Deinen eigenen Satz gratis durchleuchten: https://deutsch-meister.de/analyze/?utm_source=facebook&utm_medium=post&utm_campaign=ig50-2026-10&utm_content=p047","Die meisten machen immer wieder dieselben fünf Fehler. Finde deine.

1. Jeden Fehler mit Korrektur aufschreiben
2. Einmal pro Woche die Liste durchgehen
3. Ein Fehler kommt immer wieder? Das ist dein Thema.

Welcher Fehler passiert dir am häufigsten? 👇

Deinen eigenen Satz gratis durchleuchten: https://deutsch-meister.de/analyze/?utm_source=telegram&utm_medium=post&utm_campaign=ig50-2026-10&utm_content=p047"
"048","queued","2026-11-14T18:00:00+01:00","Redemittel","https://deutsch-meister.de/social/ig/048.jpg","Lernkarte Redemittel, A2 · B1 · Sprechen: Wenn du etwas nicht verstehst. Können Sie das bitte wiederholen? Was meinen Sie mit …? Habe ich Sie richtig verstanden: …? Könnten Sie bitte langsamer sprechen? Nachfragen ist Kommunikation. Besser als raten.","Nachfragen ist Kommunikation, kein Fehler. Besser nachfragen als raten.

1. Können Sie das bitte wiederholen?
2. Was meinen Sie mit …?
3. Habe ich Sie richtig verstanden: …?
4. Könnten Sie bitte langsamer sprechen?

Sprechen üben ohne Partner: Link in Bio.

#deutschlernen #redemittel #deutschprüfung #learngerman #daf","Nachfragen ist Kommunikation, kein Fehler. Besser nachfragen als raten.

1. Können Sie das bitte wiederholen?
2. Was meinen Sie mit …?
3. Habe ich Sie richtig verstanden: …?
4. Könnten Sie bitte langsamer sprechen?

Sprechen üben ohne Partner: https://deutsch-meister.de/speaking/?utm_source=facebook&utm_medium=post&utm_campaign=ig50-2026-10&utm_content=p048","Nachfragen ist Kommunikation, kein Fehler. Besser nachfragen als raten.

1. Können Sie das bitte wiederholen?
2. Was meinen Sie mit …?
3. Habe ich Sie richtig verstanden: …?
4. Könnten Sie bitte langsamer sprechen?

Sprechen üben ohne Partner: https://deutsch-meister.de/speaking/?utm_source=telegram&utm_medium=post&utm_campaign=ig50-2026-10&utm_content=p048"
"049","queued","2026-11-15T18:00:00+01:00","Satz des Tages","https://deutsch-meister.de/social/ig/049.jpg","Lernkarte Satz des Tages, B1: Ich freue mich auf das Wochenende. richtig: auf das Wochenende (kommt noch). richtig: über das Geschenk (ist schon da). auf = es kommt noch. über = es ist schon da.","sich freuen auf oder sich freuen über? Beides ist richtig, aber es bedeutet etwas anderes.

auf = es kommt noch: Ich freue mich auf das Wochenende.
über = es ist schon da: Ich freue mich über das Geschenk.

Worauf freust du dich diese Woche? 👇

Die ganze Regel mit Übungen, kostenlos: Link in Bio.

#deutschlernen #deutschgrammatik #learngerman #deutschalsfremdsprache #daf","sich freuen auf oder sich freuen über? Beides ist richtig, aber es bedeutet etwas anderes.

auf = es kommt noch: Ich freue mich auf das Wochenende.
über = es ist schon da: Ich freue mich über das Geschenk.

Worauf freust du dich diese Woche? 👇

Die ganze Regel mit Übungen, kostenlos: https://deutsch-meister.de/grammar/b1.2/verbs-with-prepositions/?utm_source=facebook&utm_medium=post&utm_campaign=ig50-2026-10&utm_content=p049","sich freuen auf oder sich freuen über? Beides ist richtig, aber es bedeutet etwas anderes.

auf = es kommt noch: Ich freue mich auf das Wochenende.
über = es ist schon da: Ich freue mich über das Geschenk.

Worauf freust du dich diese Woche? 👇

Die ganze Regel mit Übungen, kostenlos: https://deutsch-meister.de/grammar/b1.2/verbs-with-prepositions/?utm_source=telegram&utm_medium=post&utm_campaign=ig50-2026-10&utm_content=p049"
"050","queued","2026-11-16T18:00:00+01:00","Fehler-Check","https://deutsch-meister.de/social/ig/050.jpg","Lernkarte Fehler-Check, A2: „kennen“ oder „wissen“? richtig: Ich kenne den Weg. richtig: Ich weiß, wo er wohnt. falsch: Ich weiß ihn. kennen: Person, Ort, Ding. wissen: Information (dass, wo, wie …).","Beide heißen im Englischen „to know“. Im Deutschen nicht.

kennen + Person, Ort, Ding: Ich kenne den Weg.
wissen + Information: Ich weiß, wo er wohnt.

✗ Ich weiß ihn. Das geht nicht.

Wo stehst du wirklich? Gratis-Einstufungstest: Link in Bio.

#deutschlernen #deutschfehler #learngerman #deutschgrammatik #daf","Beide heißen im Englischen „to know“. Im Deutschen nicht.

kennen + Person, Ort, Ding: Ich kenne den Weg.
wissen + Information: Ich weiß, wo er wohnt.

✗ Ich weiß ihn. Das geht nicht.

Wo stehst du wirklich? Gratis-Einstufungstest: https://deutsch-meister.de/level-test/?utm_source=facebook&utm_medium=post&utm_campaign=ig50-2026-10&utm_content=p050","Beide heißen im Englischen „to know“. Im Deutschen nicht.

kennen + Person, Ort, Ding: Ich kenne den Weg.
wissen + Information: Ich weiß, wo er wohnt.

✗ Ich weiß ihn. Das geht nicht.

Wo stehst du wirklich? Gratis-Einstufungstest: https://deutsch-meister.de/level-test/?utm_source=telegram&utm_medium=post&utm_campaign=ig50-2026-10&utm_content=p050"
