post_id,publish_at,series,image_url,alt_text,caption_instagram,caption_facebook,caption_telegram
"001","2026-10-01T18:00:00+02:00","Satz des Tages","https://deutsch-meister.de/social/ig/001.png","Lernkarte: Ich helfe dem Mann – richtig, mit Dativ markiert. Ich helfe den Mann – falsch, durchgestrichen.","„Ich helfe den Mann.“ Klingt richtig. Ist falsch.

helfen will immer Dativ: dem Mann, der Frau, dem Kind, den Kindern. Genau so etwas fragen die Sprachbausteine in telc und Goethe ab.

Merksatz: Wem hilfst du? → Dativ.

Schreib unten einen eigenen Satz mit „helfen“ 👇

Deinen Satz gratis durchleuchten: Link in Bio.

#deutschlernen #deutschgrammatik #dativ #telcb1 #goetheb1 #learngerman #deutschalsfremdsprache","„Ich helfe den Mann.“ Klingt richtig. Ist falsch.

helfen will immer Dativ: dem Mann, der Frau, dem Kind, den Kindern. Genau so etwas fragen die Sprachbausteine in telc und Goethe ab.

Merksatz: Wem hilfst du? → Dativ.

Schreib unten einen eigenen Satz mit „helfen“ 👇

Deinen Satz gratis durchleuchten: https://deutsch-meister.de/analyze/?utm_source=facebook&utm_medium=post&utm_campaign=ig100-2026-10&utm_content=p001","„Ich helfe den Mann.“ Klingt richtig. Ist falsch.

helfen will immer Dativ: dem Mann, der Frau, dem Kind, den Kindern. Genau so etwas fragen die Sprachbausteine in telc und Goethe ab.

Merksatz: Wem hilfst du? → Dativ.

Schreib unten einen eigenen Satz mit „helfen“ 👇

Deinen Satz gratis durchleuchten: https://deutsch-meister.de/analyze/?utm_source=telegram&utm_medium=post&utm_campaign=ig100-2026-10&utm_content=p001"
"002","2026-10-02T18:00:00+02:00","Prüfungs-Fakt","https://deutsch-meister.de/social/ig/002.png","Lernkarte Goethe B1: 95 Punkte im Lesen bestanden, 55 Punkte im Schreiben nicht bestanden. Jedes Modul braucht 60 von 100 Punkten.","95 Punkte im Lesen. Und das Schreiben trotzdem nicht bestanden.

Beim Goethe-Zertifikat B1 ist jedes Modul eine eigene Hürde: 60 von 100 Punkten, pro Modul. Zwischen den Modulen wird nicht verrechnet.

Heißt für dich: Lernzeit gehört in dein schwächstes Modul, nicht in das, was sich gut anfühlt.

Welches Modul ist bei dir das schwächste? Schreib's in die Kommentare.

Der ganze Goethe-B1-Leitfaden mit Lernplan: Link in Bio.

#goetheb1 #goethezertifikat #deutschprüfung #b1prüfung #deutschlernen #learngerman","95 Punkte im Lesen. Und das Schreiben trotzdem nicht bestanden.

Beim Goethe-Zertifikat B1 ist jedes Modul eine eigene Hürde: 60 von 100 Punkten, pro Modul. Zwischen den Modulen wird nicht verrechnet.

Heißt für dich: Lernzeit gehört in dein schwächstes Modul, nicht in das, was sich gut anfühlt.

Welches Modul ist bei dir das schwächste? Schreib's in die Kommentare.

Der ganze Goethe-B1-Leitfaden mit Lernplan: https://deutsch-meister.de/leitfaden/goethe-b1/?utm_source=facebook&utm_medium=post&utm_campaign=ig100-2026-10&utm_content=p002","95 Punkte im Lesen. Und das Schreiben trotzdem nicht bestanden.

Beim Goethe-Zertifikat B1 ist jedes Modul eine eigene Hürde: 60 von 100 Punkten, pro Modul. Zwischen den Modulen wird nicht verrechnet.

Heißt für dich: Lernzeit gehört in dein schwächstes Modul, nicht in das, was sich gut anfühlt.

Welches Modul ist bei dir das schwächste? Schreib's in die Kommentare.

Der ganze Goethe-B1-Leitfaden mit Lernplan: https://deutsch-meister.de/leitfaden/goethe-b1/?utm_source=telegram&utm_medium=post&utm_campaign=ig100-2026-10&utm_content=p002"
"003","2026-10-03T18:00:00+02:00","Redemittel","https://deutsch-meister.de/social/ig/003.png","Lernkarte Redemittel B1: drei Sätze für den Beschwerdebrief – Ich schreibe Ihnen, weil …; Leider ist … noch nicht angekommen; Deshalb bitte ich Sie, … zu …","3 Sätze, die in fast jeden Beschwerdebrief passen:

1. Ich schreibe Ihnen, weil …
2. Leider ist … noch nicht angekommen.
3. Deshalb bitte ich Sie, … zu …

Einleitung, Problem, Bitte. Der Rest ist Leitpunkte abarbeiten. Speicher dir den Post für den Prüfungstag 📌

Kompletter Aufbau mit Beispielbrief: Link in Bio.

#telcb1 #b1brief #deutschschreiben #redemittel #deutschlernen #dtz #learngerman","3 Sätze, die in fast jeden Beschwerdebrief passen:

1. Ich schreibe Ihnen, weil …
2. Leider ist … noch nicht angekommen.
3. Deshalb bitte ich Sie, … zu …

Einleitung, Problem, Bitte. Der Rest ist Leitpunkte abarbeiten. Speicher dir den Post für den Prüfungstag 📌

Kompletter Aufbau mit Beispielbrief: https://deutsch-meister.de/leitfaden/brief-schreiben-b1/?utm_source=facebook&utm_medium=post&utm_campaign=ig100-2026-10&utm_content=p003","3 Sätze, die in fast jeden Beschwerdebrief passen:

1. Ich schreibe Ihnen, weil …
2. Leider ist … noch nicht angekommen.
3. Deshalb bitte ich Sie, … zu …

Einleitung, Problem, Bitte. Der Rest ist Leitpunkte abarbeiten. Speicher dir den Post für den Prüfungstag 📌

Kompletter Aufbau mit Beispielbrief: https://deutsch-meister.de/leitfaden/brief-schreiben-b1/?utm_source=telegram&utm_medium=post&utm_campaign=ig100-2026-10&utm_content=p003"
